[
{
  "model": "auth.user",
  "pk": 1,
  "fields": {
    "password": "pbkdf2_sha256$1200000$CMg7pqji3JOAQftPmEvfyc$AV+VFLLusfVut2499PgqT4MHuBbFBoCeT1cTx0g+BWM=",
    "last_login": "2026-06-03T07:37:38Z",
    "is_superuser": true,
    "username": "Izzy",
    "first_name": "",
    "last_name": "",
    "email": "",
    "is_staff": true,
    "is_active": true,
    "date_joined": "2026-03-23T16:16:06Z",
    "groups": [],
    "user_permissions": []
  }
},
{
  "model": "auth.user",
  "pk": 2,
  "fields": {
    "password": "pbkdf2_sha256$1200000$xxJWKHM7L9aLJAz5ERy3nz$ixovCtONcYvL4T0R/LIHqj9ZjpLywlLLuddKDfuYr3U=",
    "last_login": "2026-03-28T11:42:25.243Z",
    "is_superuser": true,
    "username": "meri",
    "first_name": "",
    "last_name": "",
    "email": "",
    "is_staff": true,
    "is_active": true,
    "date_joined": "2026-03-25T09:05:35Z",
    "groups": [],
    "user_permissions": []
  }
},
{
  "model": "auth.user",
  "pk": 3,
  "fields": {
    "password": "pbkdf2_sha256$1200000$Sw1zM0lFlHnvgHBHnkOfAR$KUYgfE6Kxo/8Wk6q1RMFXy367zzMe1KPfMaVvm24TrI=",
    "last_login": "2026-04-10T21:23:21Z",
    "is_superuser": false,
    "username": "tester001",
    "first_name": "Obisan",
    "last_name": "YY",
    "email": "",
    "is_staff": false,
    "is_active": true,
    "date_joined": "2026-04-10T19:57:38Z",
    "groups": [],
    "user_permissions": []
  }
},
{
  "model": "auth.user",
  "pk": 5,
  "fields": {
    "password": "pbkdf2_sha256$1200000$QrzGzeXymFm0VUdi4mst6a$i5hCvP07uBYq1ZeiwlU8bnsHWcWKuWJFnV5gvQFKREE=",
    "last_login": "2026-06-02T09:10:15Z",
    "is_superuser": false,
    "username": "123456a",
    "first_name": "Lili",
    "last_name": "Ly",
    "email": "",
    "is_staff": false,
    "is_active": true,
    "date_joined": "2026-05-31T14:23:49Z",
    "groups": [],
    "user_permissions": []
  }
},
{
  "model": "auth.user",
  "pk": 6,
  "fields": {
    "password": "pbkdf2_sha256$1200000$jcgzftVtv9HMhKtG9dnSk6$8HgiJ/ZpF/sKVVifVvEcHGLEvjxie9XLsVyA3EDwSX4=",
    "last_login": "2026-06-03T07:43:02.163Z",
    "is_superuser": true,
    "username": "Superadmin",
    "first_name": "",
    "last_name": "",
    "email": "Superadmin@aop.com",
    "is_staff": true,
    "is_active": true,
    "date_joined": "2026-06-03T07:33:33.920Z",
    "groups": [],
    "user_permissions": []
  }
},
{
  "model": "auth.user",
  "pk": 7,
  "fields": {
    "password": "pbkdf2_sha256$1200000$DBSMdFlZUj9PYZmLbY0TXJ$xQYF1usHwDaS2BLW3Z9a43BbSLpUsP6N0M7SdSI9FLE=",
    "last_login": "2026-06-03T07:37:21.691Z",
    "is_superuser": false,
    "username": "customer",
    "first_name": "",
    "last_name": "",
    "email": "",
    "is_staff": false,
    "is_active": true,
    "date_joined": "2026-06-03T07:36:47.763Z",
    "groups": [],
    "user_permissions": []
  }
},
{
  "model": "core.topping",
  "pk": 1,
  "fields": {
    "name": "Extra Cheese",
    "price_small": "9.99",
    "price_medium": "12.99",
    "price_large": "15.99",
    "is_available": true
  }
},
{
  "model": "core.topping",
  "pk": 2,
  "fields": {
    "name": "Mashrooms",
    "price_small": "5.00",
    "price_medium": "8.00",
    "price_large": "11.00",
    "is_available": true
  }
},
{
  "model": "core.topping",
  "pk": 3,
  "fields": {
    "name": "Olive",
    "price_small": "4.50",
    "price_medium": "6.00",
    "price_large": "7.50",
    "is_available": true
  }
},
{
  "model": "core.topping",
  "pk": 4,
  "fields": {
    "name": "Jalapeno Pepper",
    "price_small": "5.99",
    "price_medium": "8.99",
    "price_large": "11.99",
    "is_available": true
  }
},
{
  "model": "core.topping",
  "pk": 5,
  "fields": {
    "name": "Onions",
    "price_small": "2.50",
    "price_medium": "3.50",
    "price_large": "5.00",
    "is_available": true
  }
},
{
  "model": "core.topping",
  "pk": 6,
  "fields": {
    "name": "Bacon/Ham",
    "price_small": "9.99",
    "price_medium": "15.99",
    "price_large": "20.99",
    "is_available": true
  }
},
{
  "model": "core.topping",
  "pk": 7,
  "fields": {
    "name": "BBQ Chicken",
    "price_small": "9.99",
    "price_medium": "15.99",
    "price_large": "20.99",
    "is_available": true
  }
},
{
  "model": "core.topping",
  "pk": 8,
  "fields": {
    "name": "Sausage",
    "price_small": "9.99",
    "price_medium": "15.99",
    "price_large": "20.99",
    "is_available": true
  }
},
{
  "model": "core.topping",
  "pk": 9,
  "fields": {
    "name": "Pineapple",
    "price_small": "9.99",
    "price_medium": "15.99",
    "price_large": "20.99",
    "is_available": true
  }
},
{
  "model": "core.pizza",
  "pk": 1,
  "fields": {
    "name": "Margherita Pizza",
    "category": "CLASSIC",
    "description": "A classic pizza topped with tomato sauce, mozzarella cheese, and fresh basil.",
    "image": "pizzas/pizza-margherita1_fyR8qoD.jpg",
    "is_available": true,
    "available_toppings": [
      1,
      2,
      3,
      5
    ]
  }
},
{
  "model": "core.pizza",
  "pk": 2,
  "fields": {
    "name": "Pepperoni Pizza",
    "category": "CLASSIC",
    "description": "A classic pizza topped with spicy pepperoni, tomato sauce, and melted mozzarella cheese.",
    "image": "pizzas/pizza-pepperoni.jpg",
    "is_available": true,
    "available_toppings": [
      1,
      2,
      3,
      4,
      5,
      6,
      7,
      8,
      9
    ]
  }
},
{
  "model": "core.pizza",
  "pk": 3,
  "fields": {
    "name": "Hawaiian Pizza",
    "category": "CLASSIC",
    "description": "A sweet and savory pizza topped with ham, pineapple, tomato sauce, and melted mozzarella cheese.",
    "image": "pizzas/pizza-hawaiian_ZDZbR1s.jpg",
    "is_available": true,
    "available_toppings": [
      1,
      2,
      3,
      4,
      5,
      6,
      7,
      8,
      9
    ]
  }
},
{
  "model": "core.pizza",
  "pk": 4,
  "fields": {
    "name": "BBQ Chicken Pizza",
    "category": "PREMIUM",
    "description": "A smoky pizza topped with tender chicken, barbecue sauce, red onion, and melted mozzarella cheese.",
    "image": "pizzas/pizzy-BBQ_H1dPpuC.jpg",
    "is_available": true,
    "available_toppings": [
      1,
      2,
      3,
      4,
      5,
      6,
      7,
      8,
      9
    ]
  }
},
{
  "model": "core.pizza",
  "pk": 5,
  "fields": {
    "name": "Buffalo Chicken Pizza",
    "category": "PREMIUM",
    "description": "A spicy pizza topped with buffalo chicken, mozzarella cheese, and a creamy ranch-style sauce.",
    "image": "pizzas/pizza-buffalochicken_4qJwwgo.jpg",
    "is_available": true,
    "available_toppings": [
      1,
      2,
      3,
      4,
      5,
      6,
      7,
      8,
      9
    ]
  }
},
{
  "model": "core.pizza",
  "pk": 6,
  "fields": {
    "name": "Seafood Pizza",
    "category": "PREMIUM",
    "description": "A flavorful pizza topped with mixed seafood, tomato sauce, mozzarella cheese, and fresh herbs.",
    "image": "pizzas/pizza-seafood_5XBwWyp.jpg",
    "is_available": true,
    "available_toppings": [
      1,
      2,
      3,
      4,
      5,
      6,
      7,
      8,
      9
    ]
  }
},
{
  "model": "core.pizza",
  "pk": 7,
  "fields": {
    "name": "Nordic Delight Pizza",
    "category": "PREMIUM",
    "description": "A Nordic-inspired pizza topped with tender salmon, creamy cheese, and fresh herbs.",
    "image": "pizzas/pizza-nordic_delight.jpg",
    "is_available": true,
    "available_toppings": [
      1,
      2,
      3,
      4,
      5,
      6,
      7,
      8,
      9
    ]
  }
},
{
  "model": "core.pizza",
  "pk": 8,
  "fields": {
    "name": "Veggie Supreme Pizza",
    "category": "VEGETABLE",
    "description": "A colorful pizza topped with fresh vegetables, tomato sauce, and melted mozzarella cheese.",
    "image": "pizzas/pizza-vegan_huXoXXp.jpg",
    "is_available": true,
    "available_toppings": [
      1,
      2,
      3,
      4,
      5,
      9
    ]
  }
},
{
  "model": "core.pizzasize",
  "pk": 1,
  "fields": {
    "pizza": 1,
    "size": "S",
    "price": "99.00"
  }
},
{
  "model": "core.pizzasize",
  "pk": 2,
  "fields": {
    "pizza": 1,
    "size": "M",
    "price": "120.00"
  }
},
{
  "model": "core.pizzasize",
  "pk": 3,
  "fields": {
    "pizza": 1,
    "size": "L",
    "price": "150.00"
  }
},
{
  "model": "core.pizzasize",
  "pk": 4,
  "fields": {
    "pizza": 2,
    "size": "S",
    "price": "100.00"
  }
},
{
  "model": "core.pizzasize",
  "pk": 5,
  "fields": {
    "pizza": 2,
    "size": "M",
    "price": "130.00"
  }
},
{
  "model": "core.pizzasize",
  "pk": 6,
  "fields": {
    "pizza": 2,
    "size": "L",
    "price": "150.00"
  }
},
{
  "model": "core.pizzasize",
  "pk": 7,
  "fields": {
    "pizza": 3,
    "size": "S",
    "price": "99.00"
  }
},
{
  "model": "core.pizzasize",
  "pk": 8,
  "fields": {
    "pizza": 3,
    "size": "M",
    "price": "120.00"
  }
},
{
  "model": "core.pizzasize",
  "pk": 9,
  "fields": {
    "pizza": 3,
    "size": "L",
    "price": "135.00"
  }
},
{
  "model": "core.pizzasize",
  "pk": 10,
  "fields": {
    "pizza": 4,
    "size": "S",
    "price": "109.00"
  }
},
{
  "model": "core.pizzasize",
  "pk": 11,
  "fields": {
    "pizza": 4,
    "size": "M",
    "price": "129.00"
  }
},
{
  "model": "core.pizzasize",
  "pk": 12,
  "fields": {
    "pizza": 4,
    "size": "L",
    "price": "150.00"
  }
},
{
  "model": "core.pizzasize",
  "pk": 13,
  "fields": {
    "pizza": 5,
    "size": "S",
    "price": "109.00"
  }
},
{
  "model": "core.pizzasize",
  "pk": 14,
  "fields": {
    "pizza": 5,
    "size": "M",
    "price": "129.00"
  }
},
{
  "model": "core.pizzasize",
  "pk": 15,
  "fields": {
    "pizza": 5,
    "size": "L",
    "price": "150.00"
  }
},
{
  "model": "core.pizzasize",
  "pk": 16,
  "fields": {
    "pizza": 6,
    "size": "S",
    "price": "119.00"
  }
},
{
  "model": "core.pizzasize",
  "pk": 17,
  "fields": {
    "pizza": 6,
    "size": "M",
    "price": "139.00"
  }
},
{
  "model": "core.pizzasize",
  "pk": 18,
  "fields": {
    "pizza": 6,
    "size": "L",
    "price": "180.00"
  }
},
{
  "model": "core.pizzasize",
  "pk": 19,
  "fields": {
    "pizza": 7,
    "size": "S",
    "price": "119.00"
  }
},
{
  "model": "core.pizzasize",
  "pk": 20,
  "fields": {
    "pizza": 7,
    "size": "M",
    "price": "139.00"
  }
},
{
  "model": "core.pizzasize",
  "pk": 21,
  "fields": {
    "pizza": 7,
    "size": "L",
    "price": "159.98"
  }
},
{
  "model": "core.pizzasize",
  "pk": 22,
  "fields": {
    "pizza": 8,
    "size": "S",
    "price": "89.00"
  }
},
{
  "model": "core.pizzasize",
  "pk": 23,
  "fields": {
    "pizza": 8,
    "size": "M",
    "price": "109.00"
  }
},
{
  "model": "core.pizzasize",
  "pk": 24,
  "fields": {
    "pizza": 8,
    "size": "L",
    "price": "120.00"
  }
},
{
  "model": "core.drink",
  "pk": 1,
  "fields": {
    "name": "Cola",
    "size_label": "500ML",
    "price": "35.00",
    "image": "drinks/drink-cola.jpg",
    "is_available": true
  }
},
{
  "model": "core.drink",
  "pk": 2,
  "fields": {
    "name": "Sprite",
    "size_label": "500ML",
    "price": "35.00",
    "image": "drinks/drink-sprit.png",
    "is_available": true
  }
},
{
  "model": "core.drink",
  "pk": 3,
  "fields": {
    "name": "Milkshake",
    "size_label": "600ML",
    "price": "55.00",
    "image": "drinks/drink-mlikshake.png",
    "is_available": true
  }
},
{
  "model": "core.order",
  "pk": 1,
  "fields": {
    "user": 3,
    "created_at": "2026-04-10T19:58:34.127Z",
    "status": "PENDING",
    "total_price": "125.97",
    "delivery_address": "Nydalen01"
  }
},
{
  "model": "core.order",
  "pk": 2,
  "fields": {
    "user": 1,
    "created_at": "2026-04-10T21:15:55.890Z",
    "status": "COMPLETED",
    "total_price": "157.50",
    "delivery_address": "Oslo 02"
  }
},
{
  "model": "core.order",
  "pk": 3,
  "fields": {
    "user": 1,
    "created_at": "2026-04-10T21:27:42.178Z",
    "status": "PENDING",
    "total_price": "153.99",
    "delivery_address": "xxx"
  }
},
{
  "model": "core.order",
  "pk": 4,
  "fields": {
    "user": 1,
    "created_at": "2026-04-21T12:36:57.442Z",
    "status": "PENDING",
    "total_price": "125.97",
    "delivery_address": "sahs"
  }
},
{
  "model": "core.order",
  "pk": 5,
  "fields": {
    "user": 5,
    "created_at": "2026-05-31T14:25:09.885Z",
    "status": "COMPLETED",
    "total_price": "152.49",
    "delivery_address": "BI shcool"
  }
},
{
  "model": "core.order",
  "pk": 6,
  "fields": {
    "user": 1,
    "created_at": "2026-06-02T07:16:11.783Z",
    "status": "PENDING",
    "total_price": "105.00",
    "delivery_address": "BI"
  }
},
{
  "model": "core.order",
  "pk": 7,
  "fields": {
    "user": 5,
    "created_at": "2026-06-02T07:45:13.150Z",
    "status": "PENDING",
    "total_price": "108.99",
    "delivery_address": "BI"
  }
},
{
  "model": "core.order",
  "pk": 8,
  "fields": {
    "user": 1,
    "created_at": "2026-06-02T09:02:58.074Z",
    "status": "PENDING",
    "total_price": "157.49",
    "delivery_address": "Oslo"
  }
},
{
  "model": "core.orderitem",
  "pk": 1,
  "fields": {
    "order": 1,
    "item_type": "pizza",
    "name_snapshot": "Pepperoni",
    "size_snapshot": "Small",
    "quantity": 1,
    "unit_price": "125.97",
    "toppings_snapshot": "Extra Cheese, Jalapeno Pepper, BBQ Chicken"
  }
},
{
  "model": "core.orderitem",
  "pk": 2,
  "fields": {
    "order": 2,
    "item_type": "pizza",
    "name_snapshot": "Pepperoni",
    "size_snapshot": "Large",
    "quantity": 1,
    "unit_price": "157.50",
    "toppings_snapshot": "Olive"
  }
},
{
  "model": "core.orderitem",
  "pk": 3,
  "fields": {
    "order": 3,
    "item_type": "pizza",
    "name_snapshot": "Pepperoni",
    "size_snapshot": "Medium",
    "quantity": 1,
    "unit_price": "153.99",
    "toppings_snapshot": "Mashrooms, Bacon/Ham"
  }
},
{
  "model": "core.orderitem",
  "pk": 4,
  "fields": {
    "order": 4,
    "item_type": "pizza",
    "name_snapshot": "Pepperoni",
    "size_snapshot": "Small",
    "quantity": 1,
    "unit_price": "125.97",
    "toppings_snapshot": "Extra Cheese, Jalapeno Pepper, BBQ Chicken"
  }
},
{
  "model": "core.orderitem",
  "pk": 5,
  "fields": {
    "order": 5,
    "item_type": "pizza",
    "name_snapshot": "Pepperoni",
    "size_snapshot": "Small",
    "quantity": 1,
    "unit_price": "117.49",
    "toppings_snapshot": "Extra Cheese, Mashrooms, Onions"
  }
},
{
  "model": "core.orderitem",
  "pk": 6,
  "fields": {
    "order": 5,
    "item_type": "drink",
    "name_snapshot": "Cola",
    "size_snapshot": "500ML",
    "quantity": 1,
    "unit_price": "35.00",
    "toppings_snapshot": ""
  }
},
{
  "model": "core.orderitem",
  "pk": 7,
  "fields": {
    "order": 6,
    "item_type": "drink",
    "name_snapshot": "Sprit",
    "size_snapshot": "500ML",
    "quantity": 3,
    "unit_price": "35.00",
    "toppings_snapshot": ""
  }
},
{
  "model": "core.orderitem",
  "pk": 8,
  "fields": {
    "order": 7,
    "item_type": "pizza",
    "name_snapshot": "Margherita Pizza",
    "size_snapshot": "Small",
    "quantity": 1,
    "unit_price": "108.99",
    "toppings_snapshot": "Extra Cheese"
  }
},
{
  "model": "core.orderitem",
  "pk": 9,
  "fields": {
    "order": 8,
    "item_type": "pizza",
    "name_snapshot": "Pepperoni Pizza",
    "size_snapshot": "Medium",
    "quantity": 1,
    "unit_price": "157.49",
    "toppings_snapshot": "Mashrooms, Onions, Sausage"
  }
}
]
